{
    "index_patterns": [
        "te*", 
        "bar*"
    ], 
    "settings": {
        "number_of_shards": 1
    }, 
    "mappings": {
        "type1": {
            "_source": {
                "enabled": false
            }, 
            "properties": {
                "host_name": {
                    "type": "keyword"
                }, 
                "created_at": {
                    "type": "date", 
                    "format": "EEE MMM dd HH:mm:ss Z YYYY"
                }
            }
        }
    }
}



